<?xml version="1.0" encoding="utf-8"?>
<extension type="plugin" client="site" group="system" method="upgrade">
	<name>PLG_SYSTEM_OFFLINEGHSVS</name>
	<author>G@HService Berlin Neukölln, Volkmar Volli Schlothauer</author>
	<creationDate>2022-02-11</creationDate>
	<copyright>(C) 2022, G@HService Berlin Neukölln, Volkmar Volli Schlothauer.</copyright>
	<license>GNU General Public License version 3 or later; see LICENSE.txt.</license>
	<authorUrl>https://ghsvs.de</authorUrl>
	<version>2023.11.03</version>
	<description>PLG_SYSTEM_OFFLINEGHSVS_XML_DESCRIPTION</description>
	<updateservers><server type="extension" priority="1" name="PLG_SYSTEM_OFFLINEGHSVS">https://raw.githubusercontent.com/GHSVS-de/upadateservers/master/plg_system_offlineghsvs-update.xml</server></updateservers>
	<infourl>https://github.com/GHSVS-de/plg_system_offlineghsvs/releases/tag/2023.11.03</infourl>

	<scriptfile>installerScript.php</scriptfile>
	<minimumPhp>7.4.0</minimumPhp>
	<maximumPhp></maximumPhp>
	<minimumJoomla>4.3.0</minimumJoomla>
	<maximumJoomla>5.9999.9999</maximumJoomla>
	<allowDowngrades>1</allowDowngrades>

	<files>
		<folder plugin="offlineghsvs">services</folder>
		<folder>language</folder>
		<folder>src</folder>
		<filename>installerScript.php</filename>
		<filename>LICENSE.txt</filename>
	</files>

	<namespace path="src">GHSVS\Plugin\System\OfflineGhsvs</namespace>

	<config addfieldprefix="GHSVS\Plugin\System\OfflineGhsvs\Field">
  	<fields name="params">

			<fieldset name="basic">

				<field type="hidden" default="1" name="offlineghsvsplugin"/>

				<field name="offlineTemplateid" type="templatestyle" filter="integer"
					client="site"
					label="PLG_SYSTEM_OFFLINEGHSVS_OFFLINETEMPLATEID">
					<option value="">JOPTION_USE_DEFAULT</option>
				</field>

			</fieldset>

	  </fields>
 	</config>
</extension>
