<?xml version="1.0" encoding="utf-8"?>
<extension type="plugin" client="site" group="system" method="upgrade">
	<name>PLG_SYSTEM_OFFLINEGHSVS</name>
	<author>G@HService Berlin Neukölln, Volkmar Volli Schlothauer</author>
	<creationDate>2022-02-11</creationDate>
	<copyright>(C) 2022, G@HService Berlin Neukölln, Volkmar Volli Schlothauer.</copyright>
	<license>GNU General Public License version 3 or later; see LICENSE.txt.</license>
	<authorUrl>https://ghsvs.de</authorUrl>
	<version>2022.02.11</version>
	<description>PLG_SYSTEM_OFFLINEGHSVS_XML_DESCRIPTION</description>

	<updateservers><server type="extension" priority="1" name="PLG_SYSTEM_OFFLINEGHSVS">https://raw.githubusercontent.com/GHSVS-de/upadateservers/master/plg_system_offlineghsvs-update.xml</server></updateservers>

	<changelogurl>https://raw.githubusercontent.com/GHSVS-de/upadateservers/master/plg_system_offlineghsvs-changelog.xml</changelogurl>

	<infourl>https://github.com/GHSVS-de/plg_system_offlineghsvs#readme</infourl>

	<downloadUrl>
	https://github.com/GHSVS-de/plg_system_offlineghsvs/raw/2022.02.11/dist/plg_system_offlineghsvs-2022.02.11.zip
	</downloadUrl>

	<versionCompare>
	https://github.com/GHSVS-de/plg_system_offlineghsvs/compare/2021.02.11...2022.02.11
	</versionCompare>

	<scriptfile>installerScript.php</scriptfile>
	<minimumPhp>7.4.0</minimumPhp>
	<maximumPhp>8.9999.9999</maximumPhp>
	<minimumJoomla>3.10.4</minimumJoomla>
	<maximumJoomla>4.9999.9999</maximumJoomla>
	<allowDowngrades>1</allowDowngrades>

	<files>
		<filename plugin="offlineghsvs">offlineghsvs.php</filename>
		<filename>installerScript.php</filename>
		<filename>LICENSE.txt</filename>
		<folder>language</folder>
	</files>
	
	<config>
  	<fields name="params">

			<fieldset name="basic">

				<field type="hidden" default="1" name="offlineghsvsplugin"/>

				<field name="offlineTemplateid" type="templatestyle" filter="integer"
					client="site"
					label="PLG_SYSTEM_OFFLINEGHSVS_OFFLINETEMPLATEID">
					<option value="">JOPTION_USE_DEFAULT</option>
				</field>

			</fieldset>

	  </fields>
 	</config>
</extension>
